,Page URL,What's wrong,Details,Tasks,Info exists,Actionable,Topic - HC,
,Prevention+risk EN,The answer I need is missing,I need to know if I can travel from Toronto to Muskoka cottage this weekend,travel in canada,,y,Travel - to cottage,
,Prevention+risk EN,The answer I need is missing,There is an article stating it’s illegal to not wear a face mask in public in Canada. Is this true? Your website states optional. Also purchasing them takes supplies from those who need them,face mask requirement,,y,Face mask - Use,Is there a difference between Missing info and info that isn't clear? 
,Symptoms FR,The answer I need is missing,,,,,No details,
,Prevention+risk EN,The answer I need is missing,what tp know the rules,general rules,,gen,Feedback unclear,
,Prevention+risk EN,,I am on oxygen 24/day. Should I wear a face mask?,face mask requirement,,y,Face mask - Use,
,Prevention+risk EN,The answer I need is missing,Looking for a contact to request a self isolation requirement be revoked as it was issues by mistake.,contact,,n,Self-isolation - How to get it revoked if issued by mistake,
,Prevention+risk EN,The information isn’t clear,"I would like to know, if I go to the grocery store or for a walk, can I transmit the virus on my shoes or jacket and come home and infect others in the house, is leaving my shoes at the door enough or do I have to disinfect them.",Transmission detail,,y,Risk - Infection spread - to others in house from clothing worn to grocery store/on walk,
,Prevention+risk EN,,"Is this real? Is there a Law, effective TODAY forcing All Canadian to wear a ask? Please see web link below https://toronto-ontario.news/news/you-can-get-jail-time-for-not-wearing-a-face-mask-in-canada-starting-next-week/",face mask requirement,,y,Face mask - Requirement,
,Symptoms FR,The answer I need is missing,,,,,No details,
,Prevention+risk EN,The answer I need is missing,If someone is asymptomatic and they quarantine for 14 days are they still a risk to spread the virus. (If they never show symptoms will the virus be gone in 14 days?),Transmission detail,,y,Contagious - how long,
,Symptoms FR,The answer I need is missing,,,,,No details,
,Symptoms EN,The answer I need is missing,,,,,No details,
,Prevention+risk EN,The information isn’t clear,"Standards for masks, whats acceptable what isnt.",face mask requirement,,,Face mask - Standards,
,Prevention+risk EN,The answer I need is missing,Procedure for laundering Covid contaminated bedding,Transmission detail,,y,"Prevention - Virus contaminated bedding, how to launder",
,Prevention+risk EN,The answer I need is missing,if I live on a farm by myself and am in self isolation can I go around my farm,Self-isolation guidelines,,y,Self-isolation - permitted to go around my farm,
,Prevention+risk EN,The answer I need is missing,"mental health portal URL just given by minister of health, no whereto be found!",Mental health,,y,Mental health - Looking for URL for mental health portal,
,Prevention+risk EN,The answer I need is missing,"If you are for example walking down a hallway and you cant maintain the 2 meters distance, is there a time limit for when you need to worry about possibly becoming infected",Transmission detail,,y,RIsk/Spread - if unable to maintain physical distance when walking down hallway,
,Prevention+risk EN,The answer I need is missing,Are we able to visit immediate family if physical distancing is maintained and group size is less than 10 people?,Physical distancing guidelines,,y,Permissible activities - Social contact,
,Prevention+risk EN,The answer I need is missing,"If a company has a confirmed case of COVID-19, do employees working there have a right to not got to work for safety reasons?",Workplace,,y,Workplace - worker rights not to go to work for safety reasons,
,Prevention+risk EN,The answer I need is missing,"If daycares are closed, how can my neighbor still be looking after 3 preschoolers? Isn’t that a health risk to her and the children?",Physical distancing guidelines,,y,Risk - Neighbour looking after preschoolers,
,Prevention+risk EN,,How do you report someone it quarantining after being out of the country,Self-isolation guidelines,n,n,Travel - report someone not quarantining,
,Prevention+risk EN,,"My daughter is moving into her first appartment may 31st. She needs help moving in furniture and boxes! Is there any exemption to this, we don't want to get a fine of $1000",Physical distancing guidelines,,y,Moving - exemption to help someone move,
,Prevention+risk EN,The answer I need is missing,If I have tested positive and finished my isolation period will I be able to get someone else sick.,"Self-isolation guidelines, Transmission detail, recovery from illness",,y,Contagious - after isolation,
,Prevention+risk EN,The answer I need is missing,how long will cover live on paper and cardboard,Transmission detail,,y,Virus survival - how long it lives on surfaces,
,Prevention+risk EN,The answer I need is missing,I am wondering if a person should stay home after their symptoms of a cold (non-confirmed COVID-19) for 14 additional days? What is the risk of being out in the community immediately after symptoms subside?,"Self-isolation guidelines, recovery from illness",,y,Contagious - how long,
,Prevention+risk EN,The answer I need is missing,"I hear people talking about being a ""covid carrier"" what does that mean?",?,,n,COVID carrier - what does that mean,
,Prevention+risk EN,The answer I need is missing,Do we need to be concerned with people dropping light cigarette butts over their balcony and it falling onto our patio,Transmission detail,,y,Spread - Cigarette butts,
,Prevention+risk EN,The answer I need is missing,Can I visit unrelated friends in their home?,Physical distancing guidelines,y,y,No details,
,Prevention+risk EN,,Just want to know when people can see their grandchildren,Physical distancing guidelines,,y,Permissible activities - Social contact,
,Symptoms FR,The answer I need is missing,,,,,No details,
,Prevention+risk EN,Other reason,Symptoms if I might have Covid-19! I have low immune system as well as heart problems.,Symptom details,y,y,Symptoms For vulnerable people,
,Prevention+risk EN,The answer I need is missing,We have wedding event on June 26. I know 50 persons are allowed in gathering but how it will work ? I need detail. Also outside catering is allowed or not...,"Physical distancing guidelines, gatherings",,y,Permissible activities - Social contact - Wedding,
,Prevention+risks FR,I’m not in the right place,,,,,No details,
,Prevention+risk EN,Other reason,I want to send masks to Canada from Turkey. But I need more details regarding your standards. I've seen the American flag on some standards and need the spec for it. Can you help?,"Business, PPE",,y,Face mask - Supply Canada from Turkey,
,Prevention+risk EN,The answer I need is missing,How long does the coronavirus life on coin?,Transmission detail,,y,Virus survival - how long it lives on surfaces,
,Prevention+risk EN,,how long does Covid-19 last on cardboard?,Transmission detail,,,Virus survival - how long it lives on surfaces,
,Prevention+risk EN,The answer I need is missing,What about paperwork that is passed from a traveler to another who is expected to handle the paperwork plus touching pen and keyboard.,Transmission detail,,,"Transmission - Travelers - shared pens, keyboards",
,Prevention+risk EN,Other reason,I have a roommate that is showing signs,Symptoms,,,Transmission - Roommate,
,Prevention+risk EN,The answer I need is missing,how does a covid sick person manage the disease?????,What to do when sick,,y,Treatment - treating COVID-19 at home,
,Prevention+risk EN,,how do asymtomatic people spread covid 19,Transmission detail,,y,Spread - By asymptomatic people,
,Prevention+risk EN,The answer I need is missing,"After testing positive and remaining in self-isolation for 14 days, should a second test be done before the individual is allowed back at the workplace if they are an essential worker?",recovery from illness,,,Confirmed case - after 14-days isolation is a negative test required to be able to go back to work,
,Prevention+risk EN,Other reason,"If we want to conduct temperature check for customer, what PPE is necessary?",Physical distancing guidelines,,,Workplace - How to safely do temperature check of customer,
,Prevention+risk EN,The information isn’t clear,Wanting to know if flying from vancouver to ottawa in June has any restrictions,travel in canada,,,Travel - Domestic air travel - restrictions,
,Prevention+risk EN,,Who to contact to report breaking isolation rules,"Self-isolation guidelines, report someone",,,Quarantine/isolation - Report rule breaking,
,Prevention+risk EN,The information isn’t clear,I want to know if I have to take any extra precautions if I want to make a home-cooked meal for a front line worker,"Food preparation, transmission detail",,,Front line worker - Precautons to take cooking a meal for,
,Prevention+risk EN,Other reason,Can I mow the lawn and do gardening? Can I finish my basement?,,,N,"Permissable activities - Mowing lawn, gardening, home renovations",
,Prevention+risk EN,,students financial support,Financial support,,n,Financial support - For individuals - Students,
,Symptoms FR,The answer I need is missing,,,,,No details,
,Prevention+risk EN,The information isn’t clear,,,,,No details,
,Symptoms FR,I’m not in the right place,,,,,No details,
,Prevention+risk EN,,I know if someone not isolating and he just got back from equador less than a wk ago. What should I do?,"Self-isolation guidelines, report someone",,,Quarantine/isolation - Report rule breaking,
,Prevention+risk EN,,"Once you are tested, how long do you need to wait for results and if NOT infected, can you be with loved ones (who are also NOT infected) the next day?",Testing,,,COVID-19 test - How long for results,
,Prevention+risk EN,The answer I need is missing,,,,,No details,
,Prevention+risk EN,The answer I need is missing,In a retirement home during isolation (no sickness) do 2 close friends allowed to be together,Physical distancing guidelines,,,Physical distancing - Retirement home,
,Prevention+risk EN,I’m not in the right place,,,,,No details,
,Prevention+risk EN,,Elderly,,,n,Prevention - At-risk - Senior/elderly,
,Prevention+risk EN,The answer I need is missing,who can travel together in a car?,Physical distancing guidelines,,,Permissible activities - Carpool,
,Prevention+risk EN,The information isn’t clear,The claim form (number 3) ????,,,n,Feedback unclear,
,Prevention+risk EN,The information isn’t clear,"My brother and I live with our 84yr old mother. Mom is in the high-risk group due to existing health issues like diabetes. Our sister lives outside our home and insists on visiting even though we have expressly asked her not to. Mom lets her visit because ""she's not sick"". How do we stop her?",Physical distancing guidelines,,y,Physical distancing - Report rule breaking,
,Prevention+risk EN,,If I put a petition in my golf cart can I have a rider,Physical distancing guidelines,,,Permissible activities - Golf cart with partition,
,Prevention+risk EN,The answer I need is missing,can my son come to my house,Physical distancing guidelines,,,Permissable activities - Family relationships,
,Prevention+risk EN,The answer I need is missing,Who qualifies for the senior package for covid 19,Financial support,,n,Financial support - For individuals - Seniors,
,Prevention+risk EN,The answer I need is missing,,,,,Contagious - after isolation,
,Prevention+risk EN,Other reason,Is there responses for people who have underlying conditions who's partners are front line workers?,Physical distancing guidelines,,,Prevention - Partner is frontline worker,
,Prevention+risk EN,The answer I need is missing,I'm trying to find out if I should wear gloves to the grocery or drug store.,Physical distancing guidelines,,,Shopping - Gloves,
,Prevention+risk EN,,New cases in ontario,Epidemiology,,n,Statistics - Cases - Ontario,
,Prevention+risk EN,The answer I need is missing,What is the process for someone requested to come back to site after being off since the start of the essential personel only,"Physical distancing guidelines, restarting",,,Workplace - Return to work by non-essential staff,
,Symptoms FR,The answer I need is missing,,,,,No details,
,Prevention+risk EN,,Help for people with disabilities,General help,,y,Help/support - People with disabilities,
,Symptoms EN,The answer I need is missing,,,,,No details,
,Prevention+risk EN,,want to make contact with grandchildren,Physical distancing guidelines,,,Permissable activities - Family relationships,
,Prevention+risk EN,,Is there any emergency benefit for cpp disability pensioners,Financial support,,,Financial support - For individuals - Disability/seniors,
,Prevention+risk EN,The answer I need is missing,What are the regulations for travelling to and from Provinces.,Travel in Canada,,,Travel - Between provinces,
,Prevention+risk EN,The answer I need is missing,trying to find out if I am under a quarantine order,Self-isolation guidelines,,n,Quarantine - Should I,
,Prevention+risk EN,The answer I need is missing,Seasonal camping in Nova Scotia. Is it acceptable to travel 2 hours to get to seasonal lot just for the weekend,Travel in Canada,,,Permissible activities - Camping,
,Prevention+risk EN,The answer I need is missing,What is the percentage of positive COVID cases that have been determined to be asymptomatic?,Epidemiology,,,Cases - How many / percent asymptomatic,
,Prevention+risk EN,The answer I need is missing,"I was looking for info about how long a person is contagious after having contracted COVID-19. Many people they are no longer at risk after having the anti-bodies, but what about infecting other people? Can you catch the virus again if it has mutated?","Transmission details, recovery from illness",,,Contagious - how long,
,Prevention+risk EN,The answer I need is missing,Will cpp disability pensioners recieve money for emergency response,Financial support,,,Financial support - For individuals - Disability/seniors,
,Prevention+risk EN,,I need to know if my employer has the right to hide the name of an infected coworker.,Workplace,,,Workplace - Privacy rights of infected coworker ,
,Prevention+risk EN,The information isn’t clear,Can 5 people talk to each other outside while maintaining social distancing?,Physical distancing guidelines,,,Permissible activities - Group of 5 people with social distancing,
,Prevention+risk EN,I’m not in the right place,Been in isolation for 2 months is it all right to go out. Am 83 yrs. Old average health..,Physical distancing guidelines,,,Risk - Senior (83) go out after 2 months of isolation,
,Symptoms EN,The answer I need is missing,,,,,No details,
,Symptoms FR,I’m not in the right place,,,,,No details,
,Prevention+risk EN,,How many cases of coronavirus in Toronto as may 13,Epidemiology,,,Statistics - Cases - Toronto,
,Symptoms FR,The answer I need is missing,,,,,No details,
,Prevention+risk EN,I’m not in the right place,,,,,No details,
,Prevention+risk EN,,"I need to find a place for my family member to self isolate, he is returning from two month at Russia through Frankfort.",Self-isolation guidelines,,,Travel - Quarantine place for family member,
,Prevention+risk EN,,I have a friend that her child has been living with her father for the last 2 months during this pandemic and now the child is with her mother. Can the mother take her out visiting to her friends house or does the child have to isolate. The child is coming from a high case city,Physical distancing guidelines,,,Quarantine - Moving from one city to another,
,Prevention+risk EN,,Is it true that wearing mask is now a law?,face mask requirement,,,Face mask - Requirement,
,Symptoms FR,The answer I need is missing,,,,,No details,
,Prevention+risk EN,The answer I need is missing,I was looking for a clear list of necessary precautions to take to avoid infection,General precautions,,,,
,Prevention+risk EN,The answer I need is missing,Definition of Close Contact,Physical distancing guidelines,,,,
,Symptoms EN,The answer I need is missing,,,,,No details,
,Symptoms EN,The answer I need is missing,,,,,No details,
,Prevention+risk EN,,"I have heard that wearing a mask in public is now mandatory, is this information correct?",face mask requirement,,,,
,Symptoms EN,The answer I need is missing,,,,,No details,
,Symptoms EN,The answer I need is missing,,,,,No details,
,Symptoms EN,The answer I need is missing,,,,,No details,
,Symptoms EN,The answer I need is missing,,,,,No details,
,Symptoms EN,The answer I need is missing,,,,,No details,
,Prevention+risk EN,The answer I need is missing,"Can I take a family member not living with me, shopping when needed?",Physical distancing guidelines,,,,
,Symptoms EN,The answer I need is missing,,,,,No details,
,Prevention+risk EN,Other reason,Can I go out to hang out with my boyfriend?,Physical distancing guidelines,,,,
,Prevention+risk EN,The answer I need is missing,i would like to know what is opening and when,,,n,,
,Symptoms FR,The answer I need is missing,,,,,No details,
,Prevention+risk EN,,Seniors covid19 that the Priemier annouced last Tuesday? how to appy for it?,Financial support,,,,
,Prevention+risk EN,The answer I need is missing,If my employer is making it mandatory to wear a mask and have a health condition requiring me not to is this illegal?,"face mask requirement, workplace",,,,
,Prevention+risk EN,,"Can 5 sisters, who do not reside in the same residence have a sleep over?",Physical distancing guidelines,,,,
,Symptoms EN,The answer I need is missing,,,,,No details,
,Prevention+risk EN,,"I returned to work last week and symptoms occurred after work on Saturday , took test and self isolation for 9days until results,wondering about benefits for the week in isolation",Financial support,,,,
,Symptoms EN,The answer I need is missing,,,,,No details,
,Prevention+risk EN,,How long does the virus stay on surfaces?,Transmission detail,,,,
,Prevention+risk EN,The answer I need is missing,I need to know if someone who’s been in contact with someone who travelled has to self isolate,Self-isolation guidelines,,,,
,Prevention+risk EN,The answer I need is missing,"Our daughter lives in her home but wants to come to our home for an overnight stay, is this allowed",Physical distancing guidelines,,,,
,Prevention+risk EN,,"I'm 69 years old and husband 73, we HAD a housekeeper before Covid19, now my husband wants her to be able to come clean for us again. Our immune systems are compromised so I'm not sure if this would be allowed",Physical distancing guidelines,,,,
,Prevention+risk EN,The answer I need is missing,"In a clothing retail facility, can the virus be passed on to a garment that someone has tried on and then passed on to the next person trying it on?",Transmission detail,,,,
,Prevention+risk EN,The answer I need is missing,Can we visit with others yet?,Physical distancing guidelines,,,,
,Prevention+risk EN,The answer I need is missing,Do I have to change my clothes and shoes when I come home?,Transmission detail,,,,
,Symptoms FR,I’m not in the right place,,,,,No details,
,Symptoms FR,I’m not in the right place,,,,,No details,
,Prevention+risk EN,Other reason,Protecting seniors from cov19,General precautions - vulnerable,,,,
,Prevention+risk EN,,"14day quarantine,. Support,. As you can’t go public like bank or going to the store for cleaning supplies",Self-isolation guidelines,,,,
,Prevention+risk EN,Other reason,"To Display is not readable and used too mush space and style for reading on a computer monitor screen, Also light blue used for text is almost imposable to photo capture on a average celpone as a camera image for later reading. Please use black.",Design issue,,n,,
,Symptoms FR,Other reason,,,,,No details,
,Prevention+risk EN,The information isn’t clear,"Confusing use of Quarantine, or self isolating versus the more restrictive Isolating per this website. Quarantine should be the more restrictive situation and mean total isolation. That aside, under self isolating can one eat with their family? Something as simple as that is missing on this website.",Self-isolation guidelines,,,,
,Prevention+risk EN,Other reason,staying home from work to protect aged father. need to talk to someone,Contact,,,,
,Prevention+risk EN,The answer I need is missing,"I have not travelled outside of Canada recently, have not been in contact with a confirmed case, and have no symptoms, but I still want to be tested because I have underlying health conditions. How can I get a test? If I can’t right now, when?",Testing,,,,
,Prevention+risk EN,The answer I need is missing,My question is regarding transportation to church. If people had been car pooling all along prior to the lockdown can they still travel to church together as do ppl who carpool to work?,Physical distancing guidelines,,,,
,Prevention+risk EN,The answer I need is missing,Can I carpool to work as an essential healthcare worker? Need more clarification. Thanks,Physical distancing guidelines,,,,
,Prevention+risk EN,The answer I need is missing,"With things opening up, can a cleaning lady come into our home? We have heart disease & one finished chemo Aug. 2019. I am worried.",Physical distancing guidelines,,,,
,Prevention+risk EN,,Le covoiturage es tu permis,Physical distancing guidelines,,,,
,Prevention+risk EN,The answer I need is missing,seniors complex got help from grand kids over 3 days and got reminder of social distansing this is not a seniors home but an apartment complex partment,Physical distancing guidelines,,,,
,Prevention+risk EN,The answer I need is missing,"going to Nb for the day, do I need to self isolate",Travel in Canada,,,,
,Prevention+risk EN,The answer I need is missing,Can a person with covid that has a fever take fever reducing medications?,What to do when sick,,,,
,Symptoms EN,I’m not in the right place,,,,,No details,
,Prevention+risk EN,Other reason,Looking for the exact non medical mask suppose to be worn,Mask requirement,,,,
,Prevention+risk EN,Other reason,"Can I get Virus from a person who had it, officially diagnosed. But has beat it. Has been symptom free for 4 days. But his last test, 4 days ago was still positive?","Transmission detail, recovery from illness",,,,
,Prevention+risk EN,Other reason,Can I clean and reuse my blue work surgical mask And still be protected?,Mask requirement,,,,
,Prevention+risk EN,The answer I need is missing,How many people can attend a wedding?,Physical distancing guidelines,,,,
,Prevention+risk EN,,Can I go any Bruce Trail for hiking?,Travel within Canada,,,,
,Prevention+risk EN,,What if the air in my office is making Me sick,Transmission detail,,n,,
,Prevention+risk EN,The answer I need is missing,Are there any updated on returning Canadians from abroad? What is the difference between isolation and self quarantime?,"Travel from outside Canada, self-isolation guidelines",,,,
,Prevention+risk EN,Other reason,I was looking for a sign or notice I can print to tape on my front door so people know I am conserned on what is going on.,,,,,
,Prevention+risk EN,,How to make a mask,Mask requirement,,,,
,Prevention+risk EN,The answer I need is missing,What % if deaths were purely due to Covid and what % had underlying health conditions?,Epidemiology,,,,
,Prevention+risk EN,The answer I need is missing,Is wearing nitrile gloves of benefit when shopping?,"Transmission detail, PPE",,,,
,Prevention+risk EN,,How long do i leave grocery bags with food on the side not to be touched.,Transmission detail,,,,
,Prevention+risk EN,,Can you self isolate in a home with other relatives?,Self-isolation,,,,
,Prevention+risks FR,The answer I need is missing,ma conjointe a été teste positif le 6 avril .Cela fait 4 test qui sont négatifs mais mon employeur refuse que je retourne travailler car j ai pas passe de test,Recovery from illness,,,COVID-19 test - return to work,
,Prevention+risks FR,The answer I need is missing,"Bonsoir j’ai essayé à plusieurs reprise de trouvé une réponse à ma situation. Tous n’a aucune idée, car ma situation est pour la santé public. ma question: est-ce obligatoire de déclaré à mon employeur no.1 que j’ai un emploi à l’hôpital employeur no.2? est-ce obligatoire pour la santé public?",,,,Workplace - 2 jobs - compulsory to tell employer at job #2 that also have a job in a hospital,
,Prevention+risks FR,,"séjour de 7 jours en milieux hospitalier pour une opération, isolation???",,,,Quarantine - After surgery in hospital,
,Prevention+risks FR,The answer I need is missing,"Où, comment puis-je obtenir réponse à une question très précise : Le Coronavirus peut-il se transmettre sexuellement lors de : - baisers - cunnilingus - fellation par exemple... ?",,,,"Transmission - Sexually transmitted, oral sex",
,Prevention+risks FR,The answer I need is missing,J'aimerais savoir s'il est possible de faire du co-voiturage d'une durée de 1h30 environ,,,,Permissible activities - Carpool,
,Prevention+risks FR,The answer I need is missing,Peut-on embarquer en auto avec une personne qui n'habite pas à la même adresse pour aller faire l'épicerie...???,,,,Permissible activities - Carpool for grocery shopping,
,Prevention+risks FR,The answer I need is missing,Est-ce que les masques n-95 peuvent nous protéger des virus?,,,,Face mask - Effectiveness of N-95,
,Prevention+risks FR,The answer I need is missing,Est-ce que la circulation entre l’Ontario et le Québec est permise?,,,,Travel - Borders open between provinces,
,Prevention+risks FR,The answer I need is missing,"Bonjour , j'ai un employé qui doit aller avec son pere et son frere a montreal pour déménager les biens de la résidence pour ainés ou demeurait sa grand mere qui est décédée....quelles sont les précautions a prendre en tant qu'employeur et dois je obtenir certaines informations de sa part ....",,,,Workplace - Employer precautions with employee moving property of deceased relative from seniors residence,
,Prevention+risks FR,,"Où puis-je aller pour un test de dépistage, je demeure à Ville St-Laurent.",,,,COVID-19 test - Where to get a test,
,Prevention+risks FR,,Est ce que je peux reprendre les ménages dans les maisons privée?,,,,Permissable actvities - cleaning other people's houses,
,Prevention+risks FR,The answer I need is missing,"Après avoir passé un test négatif au Covid 19, est ce que je dois être quand même en quarantaine pour 14 jours?",,,,"Quarantine - if negative test, is 14 days still required",
,Prevention+risks FR,The answer I need is missing,"que fait on exactement pour être prise en charge en arrivant a l’aéroport, ne peux aller ou je vis, personnes plus de 65 ans.",,,,Travel - Can't return to home with vulnerable people over 65,
,Prevention+risks FR,The answer I need is missing,Est ce que 2 conjoints qui vivent séparément peuvent se voir ? Mon fils et sa compine respecte le.confinement maisnils on hâte de se voir est ce que c est accepté poir les relations de longue date pour des personnes qui ont respecté le confinement,,,,Permissable activities - Family relationships,
,Prevention+risk EN,The answer I need is missing,,,,,No details,
,Prevention+risks FR,The answer I need is missing,"Ma conjointe (62) recevra 4 petit enfants plus 2 d'autres familles) pour faire les leçons, est-ce risqué de contacté le virus ou simplement proscrit?",,,,Permissable activities - Look after grandchildren,
,Prevention+risks FR,Other reason,Moi je vois ma fille depuis le debut de la covid 19 avec ses enfantset des fois je cuche chez eux.Je reste ds une cooperative de 55ans et plus.Hier on me dit que si je couche chez ma fille je dois me mettre en quanrentaine je pourrais plus sortir pour faire mon lavage et ni mettre mes vidanges pend,,,,Permissable activities - Family relationships,
,Symptoms EN,The answer I need is missing,,,,,No details,
,Symptoms EN,The answer I need is missing,,,,,No details,
,Prevention+risk EN,I’m not in the right place,,,,,No details,
,Prevention+risks FR,,ou m inscrire por aider au personel,,,,Feedback unclear,
,Prevention+risks FR,,Question??? Est-ce qu’un employeur a le droit de me rappeler pour entrer au travail si j’ai 70 ans Merci,,,,Workplace - Return to work - Over 70 years old,
,Prevention+risks FR,The answer I need is missing,admissibilité PCUE,,,,Financial support - For individuals - Students (CESB),
,Prevention+risks FR,,Sera-t-il permis à un home de 80 ans de jouer au golf à partit du 20 mai?,,,,Permissible activities - Golf,
,Prevention+risks FR,The answer I need is missing,,,,,No details,
,Prevention+risks FR,The answer I need is missing,Je voudais porter une visiere dental acheter sur internet au lieu du masque est ce aussi efficace,,,,Face mask - Dental visor better,
,Prevention+risks FR,The answer I need is missing,"J'ai besoin de ma famille pour déménagé, combien de personnes puis-je prendre",,,,,
,Prevention+risks FR,The answer I need is missing,Est-ce une bonne idée de porter des gants?,,,,,
,Prevention+risks FR,The answer I need is missing,exactement sur quelle surface (carton plastique....) survit le virus combien de jours,,,,,
,Prevention+risks FR,The answer I need is missing,si j'amene une personne qui est assise en arriere de ma voiture coté droit pour un rendez-vous médicale suis je légal,,,,,
,Prevention+risks FR,,C'est quand les vétérinaire vont ouvrir leurs cliniques pour les vaccins pour les griffes et autres soins. La comme c'est là il sont ouverts pour les soins urgent,,,,,
,Prevention+risks FR,Other reason,"Après 14jours pas guérit, que faire ?",,,,,
,Symptoms EN,I’m not in the right place,,,,,No details,
,Prevention+risks FR,The answer I need is missing,Est ce que quelqu'un qui a eu le COVID-19 et qu'il est guéri peut l'attraper de nouveau? peut-il le transmettre si en contacte de nouveau avec le virus?,,,,,
,Prevention+risks FR,The answer I need is missing,J ai 64 ans j ai 3 stands pour les artères bloqué je prends des médicaments pour le coeur et pour le diabète j ai déjà eu un cancers de la vessie je fait du service a domicile est ce que je devrait cesser ce travail je crains pour ma santé,,,,,
,Prevention+risks FR,The answer I need is missing,J'aimerais savoir si je peux allé au chalet de mon partenaire de pêche et si on peux covoituré pour s'y rendre ?,,,,,
,Prevention+risks FR,The answer I need is missing,"J'ai une employée en nouvelle-écosse dont le conjoint reviendra lundi 18 mai de la colombie-britannique. Doit-il être placé en quarantaine ? Si oui, et qu'ils vivent ensemble et ne peuvent pas pratiquer l'isolement, devrait-elle venir au travail ?",,,,,
,Symptoms EN,The information isn’t clear,,,,,No details,
,Prevention+risks FR,The answer I need is missing,Besoin de savoir pour les promenades en motos ce qui est permis ou non Nombre de motos ensemble,,,,,
,Prevention+risks FR,,"POur les 70 ans et plus , quelles sont les consignes?",,,,,
,Prevention+risks FR,The answer I need is missing,déménagement,,,,,
,Symptoms EN,The answer I need is missing,,,,,No details,
,Prevention+risks FR,The answer I need is missing,Je veux savoir le nombre de personnes en regroupement en deconfinement,,,,,
,Symptoms EN,,Not enough information on symptoms by now there should other infomation such as things people notice before getting sick. Could be simple things like a different taste in a persons mouth or headache and other items,Symptoms,,,Symptoms - More info/details,
,Symptoms EN,,Is 38.8temp concerning,Symptoms,,,Symptoms - Fever,
,Symptoms EN,The answer I need is missing,I'm wondering if you have a serve case how do you treat it?,What to do when sick,,,Treatment - for severe case,
,Symptoms EN,The answer I need is missing,"If you suspect you have a mild case of corona virus, how long does it take to get better? Also are there other symptoms that are associated with the recovery stage?","Duration, symptoms",,,Recovery - How long does it take / symptoms,
,Symptoms EN,The answer I need is missing,You don't answer what is covid-19? Other than a new disease.,What is COVID,,,What is COVID-19 - More info/details,
,Symptoms EN,The information isn’t clear,,,,,No details,
,Symptoms EN,The answer I need is missing,"I want to know if I have one of the coronavirus symptoms such as muscle pain, what pain med should I take?",What to do when sick,,,Treatment - Muscle pain symptom,
,Prevention+risk EN,The answer I need is missing,,,,,No details,
,Symptoms EN,The answer I need is missing,What is the coronavirus?,What is COVID,,,What is COVID-19,
,Symptoms EN,Other reason,So when are yall going to roll out the mark?,,n,,Feedback unclear,
,Symptoms EN,The answer I need is missing,how to treat myself at home?,What to do when sick,,,Treatment - treating COVID-19 at home,
,Symptoms EN,Other reason,"The list of symptoms doesn’t include any of the new ones I’ve been hearing about (loss of smell/taste, purple rash, etc).",Symptoms,,,Symptoms - more details/info,
,Symptoms EN,,I have symptoms of severe common cold ?,Symptoms,,,Symptoms - severe common cold,
,Symptoms EN,,Have fever for four days How to take it down,What to do when sick,,,Treatment - Fever,
,Prevention+risk EN,The answer I need is missing,,,,,No details,
,Symptoms EN,The answer I need is missing,why is there not information for severe symptoms. Directing the general public to call their health care provider for suggestions to relieve symptoms seems like a time waster when acute symptoms require acute treatment -- like 911 or presentation for urgent assessment like an urgent care or ER/ED,What to do when sick,,,Symptoms - severe - what to do,
,Symptoms EN,The answer I need is missing,I have the runs (flu). It's almost a liquid.,"What to do when sick, symptoms",,,Feedback unclear,
,Symptoms EN,,I'm working in Louisiana State if I have A test before and is Negative no Covid 19 on my blood system and I FLy back to Canada do I still need to be in quarantine for 14 days,"Travel from outside Canada, self-isolation guidelines",,,Travel - return to Canada - quarantine necessary,
,Symptoms EN,The information isn’t clear,,,,,No details,
,Symptoms EN,The information isn’t clear,I would please like to know what the symtem s are for the virus please,Symptoms,,,Symptoms - what are they,
,Symptoms EN,,I need to apply for the Canada Emergency Student Benefit.,Financial support,,,Financial support - CESB,
,Symptoms EN,,application form,Financial support,,,Feedback not clear,
,Symptoms EN,,All the symptoms,Symptoms,n,,Symptoms - All of them,
,Symptoms FR,The answer I need is missing,,,,,No details,
,Symptoms EN,The information isn’t clear,Are there other symptoms other than the ones listed for covid19,Symptoms,,,Symptoms - More than those listed,
,Symptoms EN,Other reason,When I can return back to work after get covid test negative?,"Self-isolation guidelines, recovery from illness",,,COVID-19 test - return to work,
,Symptoms EN,The answer I need is missing,If your sense of smell is gone- isn’t that a sign something is wrong? You,Symptoms,,,Symptoms - Loss of sense of smell,
,Symptoms EN,The information isn’t clear,"Too vague, wishing to capture all? I have no contact with anyone, but sore throat, mucus, fever 100F, stomach upset, bad headache, trouble breathing, pain all over, but thanks to COVID-19 no asthma injections (severe asthmatic), and no ketamine infusions for pain. GP & Resperoligist hiding.",What to do when sick,,,Symptoms - All of them,
,Symptoms EN,,"I was looking for things to do IF you get/have the virus....you know, bed rest, drink fluids etc",What to do when sick,,,Treatment - treating COVID-19 at home,
,Symptoms EN,,Antibiotics,What to do when sick,,,Treatment - Antibiotics,
,Symptoms EN,The answer I need is missing,"If you become ill with just a normal flu, Does the 14 day precaution isolation period begin after you are symptom free?",Self-isolation guidelines,,,Quarantine - For normal flu,
,Symptoms EN,The answer I need is missing,how long is a person contagious prior to symptoms? you only talk about the incubation period. thank you,Transmission details,,,Contagious - how long,
,Symptoms EN,The answer I need is missing,How long to isolate after being diagnosed. Important for co-workers to understand the protocol,Self-isolation guidelines,,,Confirmed case - how long to isolate,
,Symptoms EN,The answer I need is missing,I was looking for the stages and there not here,What to do when sick,,,Illness - Stages of disease / course of illness,
,Symptoms EN,The answer I need is missing,what is the medical advice for canadians diagnosed with covid? is the use of ice the counter medications to treat symptoms reconsider?,What to do when sick,,,Treatment - treating COVID-19 at home,
,Symptoms EN,The answer I need is missing,"Not all of the symptoms are mentioned, ie. muscle pain.",Symptoms,,,Symptoms - missing muscle pain,
,Symptoms EN,,What temperature in Fahrenheit should I be concerned that it could be covid 19,Symptoms,,,Symptoms - Fever - what temperature,
,Symptoms EN,The answer I need is missing,"Head to toe sandpaper rash, stomach ache, fatigued. No fever initially, then low grade fever. 7 years old.",Symptoms,,,"Symptoms - Child - rash, stomach ache, fatigue, fever later",
,Symptoms EN,The information isn’t clear,mor symptoms not anof clear,Symptoms,,,Symptoms - more details/info,
,Prevention+risk EN,The answer I need is missing,,,,,No details,
,Symptoms EN,The answer I need is missing,"I would like to know how COVID-19 progresses in a given individual. Are the symptoms constant and do they worsen, or do they come and go?",What to do when sick,,,"Symptoms - stages, change over time",
,Symptoms EN,,If the nasal test is taken today when will I know the results?,Testing,,,COVID-19 test - How long for results,
,Symptoms EN,,I am trying to get the results of my coved-19 test done last week! Neither the Health Unit or I can find the link to results!! I have tried coved-19.ontario.ca and there is NOT a spot there!! Can you please help,Testing,,,COVID-19 test - Looking for test results,
,Symptoms EN,,loose stools,Symptoms,,,Symptoms - Loose stools,
,Symptoms EN,The answer I need is missing,"Can COVID-19 be contracted twice? If you have symptoms and test positive, isolate for 14 days and then begin living with people again, can you contract COVID-19 from someone else a second time?",Re-infection,,,Immunity - possible to get COVID-19 twice,
,Prevention+risks FR,The answer I need is missing,,,,,No details,
,Symptoms EN,The answer I need is missing,Chest pain( maybe angina) sweating Dizzy,Symptoms,,,"Symptoms - Chest pain, sweating, dizzy",
,Symptoms EN,Other reason,Mucus type of a caugh,Symptoms,,,Symptoms - cough with mucus,
,Symptoms EN,The information isn’t clear,,,,,No details,
,Symptoms EN,The answer I need is missing,The temperature is missing,Symptoms,,,Symptoms - Fever temperature,
,Symptoms EN,The answer I need is missing,Temperature consider a fever,Symptoms,,,Symptoms - Fever temperature,
,Symptoms EN,,Temperatures are not listed on the symptoms section?,Symptoms,,,Symptoms - Fever temperature,
,Symptoms EN,,I got the CERB payment in April but not this May,Financial support,,,Financial support - For individuals - Payment,
,Symptoms EN,The answer I need is missing,I got the payment for CERB in April but not this May,Financial support,,,Financial support - For individuals - Payment,
,Symptoms EN,The answer I need is missing,,,,,No details,
,Symptoms EN,The answer I need is missing,Does this start slowly in lungs producing small changes over time?,Symptoms,,,Symtoms - Stages of disease / course of illness,
,Symptoms EN,Other reason,Looking for a progression of symptoms leading up to full blown covid,Symptoms,,,Symptoms - Stages of disease / course of illness,
,Symptoms EN,Other reason,Its pretty good.,,n,n,Feedback unclear,
,Symptoms EN,Other reason,What can I do to treat myself with covid,What to do when sick,,,Treatment - treating COVID-19 at home,
,Symptoms EN,,I just getting dizzy spells - like Vertigo !,Symptoms,,,Symptoms - Dizzy spells,
,Symptoms EN,The answer I need is missing,"I was tested and diagnosed with covid 19 in March and now I have recovered. I am abroad and will need to travel back to Canada, what are the procedures for this situation?",Travel back to Canada,,,Travel - Return to Canada - after recovering abroad from COVID,
,Symptoms EN,,Looking for return to work guidelines,Workplace,,,Workplace - return to work guidelines,
,Symptoms EN,The answer I need is missing,"If the vaccine is based on a live culture, some people will not be able to use it due to an allergic reaction. What should these people do?",Vaccine,,,Vaccine - Allergic reaction,
,Symptoms EN,The answer I need is missing,If you quarantine for 14 days but still have symptoms at the end of 14 days how long do you continue to quarantine?,Quarantine guidelines,,,Quarantine - After 14 days still have symptoms,
,Symptoms EN,Other reason,Question: When does a person who has COVID LOOSE THE ABILITY TO INFECT OTHERS? is it 10 days after onset of symptoms? Is it after all symptoms are gone and they are well? or do they continue to infect others for a long period of time?,Contagious,,,Contagious - how long,
,Symptoms EN,The answer I need is missing,Treatment for hospital covid 19,What to do when sick,,,Treatment - treating COVID-19 in hospital,
,Prevention+risk EN,I’m not in the right place,,,,,Feedback unclear,
,Symptoms EN,The answer I need is missing,What is the treatment in the hospital?,What to do when sick,,,Treatment - treating COVID-19 in hospital,
,Symptoms EN,The answer I need is missing,,,,,No details,
,Symptoms EN,The answer I need is missing,,,,,No details,
,Symptoms EN,,"I have a general feeling of malaise - nausea, gas, bloating, cough which is normal due to hiatus hernia, difficulty breathing which is normal due to asthma & allergies",Symptoms,,,Symptoms - other conditions,
,Symptoms EN,The answer I need is missing,Can u tell me what coronavirus is,What is COVID,,,What is COVID-19 - More info/details,
,Symptoms EN,The answer I need is missing,what are the complications for adults,Symptoms,,,Symptoms - Complications,
,Symptoms EN,,Symptoms all Conjunctivitis,Symptoms,,,Symptoms - Conjunctivitis,
,Symptoms EN,,"My sister has tested positive and works at long term care. She has followed all the proper guide lines. She has tester fore more time and is still positive. They have called her to say her case is closed. She has not seen her test and is scared to go back to work, she is scared that she can spread",Contagious,,,Workplace - Longterm care - Tested positive,
,Symptoms EN,,Does corvid19 always start in the nasal passage and is that why they swab the nose,Course of illness,,,Spread - Nose,
,Symptoms EN,The answer I need is missing,When do you know you are free from the virus..have had a positive negative then 2 days after positive test self isolation for 14 days before 1st positive started April 3 and have had no contact except for testing at hospital ..still in isolation.,Contagious,,,Quarantine - After 14 days - Safe,
,Prevention+risk EN,Other reason,,,,,No details,
,Symptoms EN,,What is covid 19,What is covid,,,What is COVID-19 - More info/details,
,Symptoms EN,The answer I need is missing,what treatment should be used to treat the coronavirus in patient recovering at home? Is there anything in particular,What to do when sick,,,Treatment - treating COVID-19 at home,
,Symptoms EN,,I was looking for my results from corn-19 testing done over a week ago..Catherine,Testing,,,Feedback unclear,
,Symptoms EN,The answer I need is missing,"You need to update your symptom list like Alberta’s and pneumonia is not a symptom, but a diagnosis or condition.",Symptoms,,,Symptoms - More info/details - See Alberta,
,Symptoms EN,The answer I need is missing,Is there and cure for the corona? just wondering hope you have a great day,Cure,,,Vaccine - Cure,
,Symptoms EN,,Where can I find out my test results,Testing,,,COVID-19 test - Results,
,Symptoms EN,,"I can smell a smokers smoke from over 20 feet away. Covid does not smell but travels in the air. Can I breathe in the virus from 20 feet away and if so, what kink of a mask should I were to prevent myself from getting covid.",Transmission detail,,,Spread - Possible by air more than 2 feet away,
,Symptoms EN,,airborne virus,Transmission detail,,,Feedback unclear,
,Symptoms EN,The answer I need is missing,all symptoms of coronavirus,Symptoms,,,Symptoms - More info/details,
,Symptoms EN,,All the symptoms,Symptoms,,,Symptoms - More info/details,
,Symptoms FR,The answer I need is missing,,,,,,
,Symptoms EN,Other reason,whay does a carona virus do to a human body?,Course of illness,,,Illness - Stages of disease / course of illness,
,Symptoms EN,The answer I need is missing,"you should not put title ""treating"", since you provide zero information about it",What to do when sick,,,Treatment - No informaiton,
,Symptoms EN,The answer I need is missing,"how do you treat Covid 19 related symptoms?e.g. what cough medication to use, for diarrhea is it OK to use anti-motility agent or just electrolyte replacement, etc.",What to do when sick,,,,
,Symptoms EN,The answer I need is missing,That’s a very incomplete list of possible symptoms.,Symptoms,,,,
,Symptoms EN,The answer I need is missing,,,,,,
,Symptoms EN,,I want to know where the tests of the covid 19 are carried out,Testing,,,,
,Symptoms EN,The answer I need is missing,Other website have stated that if you develop a rash it could be considered a symptom. What kind of rash?,Symptoms,,,,
,Symptoms EN,Other reason,"Information is too brief, lacks detail",,,n,,
,Symptoms EN,The answer I need is missing,"They did not say what ""specific"" symptoms to watch for.",Symptoms,,,,
,Symptoms FR,The answer I need is missing,,,,,,
,Symptoms EN,The answer I need is missing,Can you have symptoms that come and go.,Symptoms,,,,
,Symptoms EN,The answer I need is missing,Looking for lots of all suspected side effects of covi19,Course of illness,,,,
,Symptoms EN,The answer I need is missing,I’m sick but haven’t been tested. I have self isolated since day one as I have an underlying lung condition. If I’m already staying home and out of contact do I just wait and hope to feel better or is there something else I should be doing?,What to do when sick,,,,
,Symptoms EN,Other reason,Please don't wait for symptoms of breathing. Early intervention can save your ventilators and the bonus for the CEO's,,,n,,
,Symptoms EN,,Isolation place,Self-isolation guidelines,,,,
,Symptoms FR,The answer I need is missing,,,,,,
,Symptoms EN,,I think I have corona,,,n,,
,Symptoms EN,,What are symptoms of the virus,Symptoms,,,,
,Symptoms EN,The answer I need is missing,Runny nose has nothing to do with covid eh?,Symptoms,,,,
,Symptoms EN,The answer I need is missing,,,,,,
,Symptoms EN,The answer I need is missing,List of symptoms,Symptoms,,,,
,Symptoms EN,The answer I need is missing,Bloodclots,Symptoms,,,,
,Symptoms EN,,phone number to call covid 19 test results phone number for calls test results,Testing,,,,
,Symptoms EN,The information isn’t clear,"I want to know what the symptoms can be, not vague symptoms 'like a flu or cold"" - insufficient information",Symptoms,,,,
,Symptoms EN,,,,,,,
,Symptoms EN,,"I was looking for the name of the virus that causes COVID-19, maybe SARS-CoV-2 ?",What is COVID,,,,
,Symptoms EN,,My brother lives in Muskoka and has every symptom and has been sick for a number of days. Where can he go to get tested. Lives near Gravenhurst,Testing,,,,
,Symptoms EN,The answer I need is missing,,,,,,
,Symptoms FR,I’m not in the right place,,,,,,
,Symptoms EN,,5 days after being exposed to virus you get sick?,Transmission exposure,,,,
,Symptoms EN,The answer I need is missing,,,,,,
,Symptoms EN,The answer I need is missing,I would like to know how long symptoms of coronavirus last.,Course of illness,,,,
,Symptoms EN,The answer I need is missing,,,,,,
,Symptoms EN,I’m not in the right place,,,,,,
,Symptoms EN,Other reason,enquiring about news report of red inflammation on single toe as a virus symptoms. True or false.,Symptoms,,,,
,Symptoms EN,The answer I need is missing,They are saying there are other symptoms but none are listed here,Symptoms,,,,
,Symptoms EN,The answer I need is missing,Fever temperature for someone infected.,Symptoms,,,,
,Symptoms EN,The answer I need is missing,Information on how to reduce symptoms at home would be useful,What to do when sick,,,,
,Symptoms EN,,Are cold sores an indication of Covid -19 ?,Symptoms,,,,
,Symptoms EN,The information isn’t clear,,,,,,
,Symptoms EN,,Is sneezing and itchy skin a symptom of the disease?,Symptoms,,,,
,Symptoms EN,The information isn’t clear,What temperature is considered a fever?,Symptoms,,,,
,Symptoms EN,Other reason,I want biological answers to my question,Symptoms,,,,
,Symptoms FR,The answer I need is missing,,,,,,
,Symptoms EN,,what are the symptons,Symptoms,,,,
,Symptoms EN,I’m not in the right place,I am looking for test results,Testing,,,,
,Symptoms EN,,I have a severe headache and do not get any relief with pain relievers could this be covid 19 related,Symptoms,,,,
,Symptoms EN,The information isn’t clear,"If sars and Mers are part of the carona virus, why was it that Canada and the rest of the world were so unprepared for it and didn’t really know how to treat it. Should China be held responsible for this ?",Responsibility,,,,
,Prevention+risk EN,The answer I need is missing,,,,,,
,Symptoms EN,The answer I need is missing,,,,,,
,Symptoms EN,Something is broken or incorrect,"YOUR PAGE MOVES TOO FAST, DOES NOT GIVE ME A CHANCE TO READ, I'M NOT A SPEED READER",Design,,,,
,Symptoms FR,The answer I need is missing,Moi garçon testé positif après 14jour encor des symptôme,,,,Feedback unclear,
,Symptoms FR,,Pendant combien de temps pouvons-nous avoir des symptômes et combien de temps pouvons-nous être contagieux. Est-ce que les symptômes peuvent durer plus de 14 jours?,,,,Contagious - how long,
,Symptoms FR,,je veux savoir combien de temps a ce moment pour recevoir un resultat de test covid19... pour ma région géographique.... La ligne covid 19 ne peut dire et le temps metionner de l hopital est fautif.....C est très frustrant et est ce que mon test a bien ete recu et fait?????????????,,,,COVID-19 test - How long for results,
,Symptoms EN,The answer I need is missing,,,,,,
,Symptoms FR,The answer I need is missing,"J'aimerais avoir les coordonnées téléphoniques car a la demande de CHUS, on me demande d'aller passer le test pour la covid vu mes symptômes",,,,COVID-19 test - Where to get a test,
,Symptoms EN,Other reason,,,,,,
,Symptoms FR,I’m not in the right place,Jaimerais savoir pour le co voiturage..... dois je avoir mon passager en arriere ou il peut etre assis a cote moi,,,,Permissible activities - Carpool - where passengers should sit - back seat or front seat,
,Symptoms FR,The answer I need is missing,Enfant ayant urticaire sur bras quoi faire ?,,,,Treatment - child with hives on arm,
,Symptoms FR,Other reason,endroit pour passer le test a drummondville,,,,COVID-19 test - Where to get a test,
,Prevention+risk EN,The answer I need is missing,,,,,,
,Symptoms FR,The answer I need is missing,,,,,,
,Symptoms FR,The answer I need is missing,"Est-ce qu'il est possible de passer un test pour savoir si on a eu le covid, pour être en mesure de retourner au travail sans avoir peur de l'attrapper",,,,COVID-19 test - Can we get tested to see if we already had COVID and are safe to return to work,
,Symptoms FR,The answer I need is missing,,,,,,
,Symptoms EN,The answer I need is missing,,,,,,
,Symptoms EN,The answer I need is missing,,,,,,
,Symptoms EN,The answer I need is missing,,,,,,
,Symptoms EN,The answer I need is missing,,,,,,
,Prevention+risk EN,,,,,,,
,Symptoms EN,The answer I need is missing,,,,,,
,Symptoms FR,Other reason,"Ma tempéreture corporelle monte et redescend depuis 2 jours et j'ai ma l aux membres mais plus aux jambes,Je tousse et j'ai comme une infection dans le nez et aux parties intimesça pique.Donc je veux savoir si mes symptômes pourrait être le coronavirus.",,,,Symptoms - do I have COVID,
,Symptoms FR,Other reason,Es til normal que le temps d avoir le resultat du test prend plus que 72h quand il te dise entre 48h et 72h,,,,COVID-19 test - How long for results,
,Symptoms EN,The answer I need is missing,,,,,,
,Symptoms FR,The answer I need is missing,Une personne qui a le covid-19 combien de jours était t'elle contagieuse avant les symptômes,,,,Contagious - how long,
,Symptoms FR,The answer I need is missing,,,,,,
,Symptoms FR,The answer I need is missing,Quand on travail et qu'on met notre vie en danger il y a un revenu de 100$ /sem je veux m'inscrire merci .Je suis chauffeur d autobus scolaire,,,,Feedback not clear,
,Symptoms FR,,Je suis de Québec est ce que je peux aller visiter mon frère à terrebonne pour2 jours,,,,Permissible activities - Social contact,
,Symptoms EN,The information isn’t clear,,,,,,
,Symptoms FR,Other reason,comment et ou pour les clinique de depistage?,,,,COVID-19 test - Where to get a test,
,Symptoms FR,I’m not in the right place,Je voudrais savoir quel site je dois visiter pour savoir si les frontières sont ouvertes pour l'Espagne & France aux voyageurs internationaux,,,,Travel - Borders open in other countries,
,Symptoms EN,The answer I need is missing,,,,,,
,Symptoms FR,,la fievre apparait combien de temps apres la toux,,,,"Symptoms - Fever, cough - when do they appear",
,Symptoms FR,The answer I need is missing,"Ont as ete malade a la mie fevrier, ma conjointe a ete voire son medecin et lui as dit qu'elle avait une pneumonie et moi tomber malade le 15 fevrier (ce qui semblais une grippe) partie en Republique Dominican le dimanche et la bas jai eu une fievre et meme perdus le sens du gouter pour un jour ou 2",,,,"Symptoms - Fever, pneumonia, loss of sense of taste",
,Symptoms EN,The information isn’t clear,,,,,,
,Symptoms EN,Something is broken or incorrect,,,,,,
,Symptoms EN,The answer I need is missing,,,,,,
,Symptoms FR,The answer I need is missing,Je suis inquiète de mes symptômes depuis le debut ma montre apple whach arrete pas de me dire que je fais de la fibrillation auculaire est ce que sais un symthome covid19 je suis positive depuis le 2 mai,,,,Symptoms - Atrial fibrillation,
,Symptoms FR,I’m not in the right place,J'ai droit à agence du revenu de canada a 500.00 . Car je suis à risque je suis asthmatique et m poc . J'ai besoin de savoir si jai besoin d une cessation d emploi . Si oui quest que mon employeur doit écrire sur ma cessation. J'ai mon papier de médecin en main,,,,Financial support - For individuals - Requirements,
,Symptoms FR,The answer I need is missing,Je recherche de l'information sur le covoiturage en période de covid-19,,,,Permissible activities - Carpool,
,Symptoms FR,,ou aller pour tester pour le covid,,,,COVID-19 test - Where to get a test,
,Symptoms EN,The answer I need is missing,,,,,,
,Symptoms FR,The answer I need is missing,,,,,,
,Symptoms FR,,ou puis-je aller pour passer le test?,,,,COVID-19 test - Where to get a test,
,Symptoms FR,The answer I need is missing,adresse des sites de depistage,,,,COVID-19 test - Where to get a test,
,Symptoms FR,,je veux parler à quelqu'un,,,,Contact info,
,Symptoms FR,,retour au travail,,,,Workplace - return to work,
,Symptoms FR,The answer I need is missing,Est-ce qu’une personne testée positive et qui dit n’avoir aucun symptôme peut décéder quand même?,,,,Confirmed case - death possible if asymptomatic,
,Symptoms FR,The answer I need is missing,Quand dois je consulter Actuellement maux de gorge perte d énergie fatigue corporelle leger écoulement nasal Je travail dans une école,,,,Symtoms - Should I go to a doctor if I have these symptoms,
,Symptoms FR,The answer I need is missing,Quand un employée est testée positif est ce que les autres employers qu’il a fréquenter doit s’auto isoler ?,,,,Workplace - Employee tests positive - do other employees have to isolate,
,Symptoms FR,,combien de test négatif est nécessaire pour être certain d'être négatif apres le civid-19,,,,COVID-19 test - How many negative results required to be sure,
,Symptoms FR,The answer I need is missing,Faut il avoir tout les symptomes pour etre atteint du covid 19,,,,Symptoms - Do you have to have them all,
,Symptoms FR,,Mon larron ma retirer du travail pour symptôme de gripe. Jai téléphoner pour savoir quoi fair. Et jatyend toujours un retour dapelle. Esse que je va travailler demain meme si jai las de nouvelle?????,,,,Feedback unclear,
,Symptoms FR,The answer I need is missing,Il me semble que les aînés pouvaient aller garder leurs petits enfants. Je crois avoir entendu cela. Pouvez vous confirmer,,,,Permissable activities - Look after grandchildren,
,Symptoms FR,The answer I need is missing,Ou passer teste de dépistage,,,,COVID-19 test - Where to get a test,
,Symptoms FR,The answer I need is missing,Quelle est le tratament,,,,Treatment - How to treat,
,Symptoms FR,The answer I need is missing,J’aimerais savoir si le fait de mettre de la crème hydratante après les nombreux lavages de main constitue une pellicule sur les mains qui peux faire en sorte d’attraper plus facilement le virus,,,,Prevention - Hand moisturizer a risk,
,Symptoms EN,The answer I need is missing,,,,,,
,Symptoms FR,The answer I need is missing,Test sérologique,,,,COVID-19 test - Serological test,
,Prevention+risks FR,The answer I need is missing,,,,,,
,Symptoms FR,,Lieu où je peux me rendre pour vérifier si je suis atteint,,,,COVID-19 test - Where to get a test,
,Symptoms FR,The answer I need is missing,"Comment peut-on avoir la Covid-29 si pas de température , juste maux de gorge et?",,,,"Symptoms - Sore throat, no fever",
,Prevention+risk EN,The answer I need is missing,,,,,,
,Symptoms FR,,Que doit-on faire après la quarantaine. Peut-on sortir de la chambre. ON n'a aucun symptôme. Comment doit-on vivre à la maison. Trois personnes chez moi sont testée positive et je suis le seul à ne pas passer le test et je n'ai aucun symptôme,,,,Quarantine - After 14 days - Safe,
,Symptoms FR,,Aucun symptôme mais j aimerais passer le test pour être plus sur,,,,COVID-19 test - No symptoms - Still want test,
,Symptoms EN,The information isn’t clear,,,,,,
,Symptoms EN,The answer I need is missing,,,,,,
,Symptoms FR,The answer I need is missing,Délai pour symptômes après avoir reçu des gouttelettes,,,,Symptoms - Time they take to appear after exposure to COVID-19,
,Symptoms FR,The answer I need is missing,Médicaments de soulagemente,,,,Treatment - Relief of symptoms,
,Symptoms FR,The answer I need is missing,"Si je suis atteinte et que j’habite seule avec mon fils, comment puis- je évite de le contaminer tout en continuant repas, ménage...",,,,Spread - Prevent spread in home when one person has COVID-19,
,Symptoms FR,,Article scientifique sur le covid 19,,,,Feedback unclear,
,Symptoms FR,The answer I need is missing,,,,,,
,Symptoms FR,,douleur et diaree,,,,Feedback unclear,
,Symptoms FR,I’m not in the right place,Ou passer un test du covid-19,,,,COVID-19 test - Where to get a test,
,Prevention+risks FR,The answer I need is missing,,,,,,
,Symptoms FR,The answer I need is missing,"D'où vient le nom ""COVID-19""",,,,COVID-19 - Origin of disease name,
,Symptoms FR,The answer I need is missing,Quoi faire si on a le corona virus,,,,Treatment - treating COVID-19 at home,
,Symptoms FR,Other reason,mesure de désinfection pour l'ouverture des garderies,,,,"Cleaning, disinfecting",
,Symptoms EN,The information isn’t clear,,,,,,
,Symptoms FR,The answer I need is missing,,,,,,
,Symptoms FR,The answer I need is missing,,,,,,
,Symptoms FR,The answer I need is missing,Je veux savoir les premiers symptômes,,,,,
,Symptoms FR,The answer I need is missing,"Hier aux questions réponses de TVA nouvelles vers 20 h Dr.Laurie Robichaud il expliquait la différence entre positif et détecté lors du résultat . Pourrais je avoir le reportage svp, Merci",,,,,
,Symptoms FR,The answer I need is missing,Bonjour J'ai mon père de 91 ans qui c'est présenté à l’hôpital pour traitement maladie aucun rapport au covid il est rester à l’hôpital environ 5 hrs et il l'on remis en 14 jours confinement. Il venais juste de pouvoir sortir. Je trouve cette situation anormale il est en grosse dépression.,,,,,
,Prevention+risk EN,Other reason,,,,,,
,Symptoms FR,The answer I need is missing,,,,,,
,Symptoms FR,The answer I need is missing,"Moi je voulais savoir si je pouvais faire une demande peu urgence,car moi quand il ont donner aux gens qui travaillait moi j'ai rien reçu car j'était arrete travail cause chururgie mais j'étais supposé de retourner aux travail le 30 mars mais vue la covid19",,,,,
,Symptoms FR,The answer I need is missing,Combien de jours Peut durer les symptômes?,,,,,
,Symptoms FR,The answer I need is missing,bonjour si je demeure avec ma mère de 73 ans et que je travail dans le commerce de détail doit-je y retourné ou non ?,,,,,
,Symptoms EN,The answer I need is missing,,,,,,
,Symptoms FR,Other reason,Je travaille construction le virus peut-il enter par une coupures mêmes légères,,,,,
,Symptoms FR,,Je veux rembourser du pcu que j’ai reçu en trop car recommencer à travailler temps plein,,,,,
,Symptoms EN,The answer I need is missing,,,,,,
,Symptoms FR,,Test corona virus,,,,,
,Symptoms FR,Other reason,est il normal de se faire demander de baisser notre masque lorsqu'on rentre dans un marchand (SAQ chambly) soit disant pour mesure de sécurité,,,,,
,Symptoms FR,The answer I need is missing,J'ai été très malade et je veux savoir comment on peut déterminer si c'était le covid ou non,,,,,
,Symptoms EN,The answer I need is missing,,,,,,
,Symptoms FR,,Je veux savoir les rassemblement sont permis,,,,,
,Symptoms FR,The answer I need is missing,,,,,,
,Symptoms FR,The answer I need is missing,Combien de temps une personne peut-elle être infectée?,,,,,
,Symptoms FR,The answer I need is missing,Combien de temps une personne peut elle être infectée?,,,,,
,Symptoms FR,The answer I need is missing,"Bonjour, j'ai le covid et ma période de confinement est lundi et j'ai encore des symptômes. Le rhume avec écoulement nasal. Que dois je faire si j'ai encore ce symptômes ? Passer un test ou attendre que ça passe avant de sorti?",,,,,
,Prevention+risks FR,The answer I need is missing,,,,,,
,Symptoms FR,The answer I need is missing,Comment je peux me soyeux Du covid 19?,,,,,
,Symptoms FR,The answer I need is missing,Tout les syndromes possible de la covid-19,,,,,
,Symptoms FR,The answer I need is missing,Cette nuit je me suis réveiller et j’étais toute en sueur .ces tu un smtome.,,,,,
,Symptoms FR,The answer I need is missing,"La conjointe d'un travailleur a testé positif. Elle continue d'avoir des symptômes. Elle est finalement testé négatif. Le travailleur est en isolement pendant 14jrs à partir de quand ? A partir du test positif, des derniers symptômes ou résultat négatif ? Merci",,,,,
,Symptoms FR,The answer I need is missing,Je voudrais savoir sa faire deux fois j’ai j’ai prestation urgence pis je pas ou faire remplir les choses à chaque mois .,,,,,
,Symptoms FR,Other reason,"J,ai mal a la gorge la meilleure recette",,,,,
,,,,,,,,
,Prevention+risks FR,The answer I need is missing,,,,,,
,Prevention+risk EN,,to have a executive meeting how many people can be there inside.,,,,,
,Symptoms FR,,Je cherche les règlements concernant le coronavirus et les rassemblements,,,,,
,Prevention+risk EN,The information isn’t clear,"No definition of ""prolonged exposure"". No discussion of disease transmission indoors, e.g. an office. No discussion of how the virus spreads through air currents, e.g. HVAC equipment.",,,,,
,Symptoms FR,,"je cherche des informations sur les endroits, surfaces, objets, personnes, vêtements où le virus se dépose et risque d'infecter une personne et sur leur persistance sur ces lieux où il se dépose",,,,,
,Symptoms FR,I’m not in the right place,,,,,,
,Prevention+risk EN,The information isn’t clear,,,,,,
,Prevention+risk EN,The answer I need is missing,Can the family visit,,,,,
,Symptoms EN,I’m not in the right place,,,,,,
,Symptoms FR,The information isn’t clear,,,,,,
,Prevention+risks FR,The answer I need is missing,Je veus savoir si je peus embarquer en auto ma belle sœur qui est handicapé en auto . Moi et mon mari allons être en avant et elle derrière moi avec un masque.elle s’ennuie de ses parents qui sont en résidence et eux peuvent sortir dehors avec une distance.ais je le droit,,,,,
,Symptoms FR,The answer I need is missing,J’ai le covid je veux savoir combien de temps en moyenne cela prend pour guérir? Je veux également savoir après combien de temps les symptômes sont les plus graves.,,,,,
,Prevention+risk EN,The answer I need is missing,Who can visit you at home and how many,,,,,
,Symptoms FR,The answer I need is missing,"Où on peut se faire tester là, en ce moment!",,,,,
,Symptoms EN,The answer I need is missing,What should you do to help your body fight the virus? Is vigorous exercise okay if your symptoms are mild?,,,,,
,Symptoms EN,The answer I need is missing,Doesn't matter. We are going to get screwed by the government in the end anyway then we will be in financial ruin.,,,,,
,Prevention+risks FR,The answer I need is missing,Peut-on faire rassemblement moins de 25 personnes,,,,,
,Symptoms FR,The answer I need is missing,UNE PERSONNE EXPOSER A UNE AUTRE QUI A TESTER POSOTIF UNE PER§SONNE JULIE QUI EST TESTER POSITITIF A ETE EN CONTACT DE PRES AVEC UNE AUTRE PERSONNE ALAIN IL CE SONT EMBRASSER LA QUESTION ALAIN EST ALLER DE FAIRE TESTER 2 JOURS APRES RECOIT UNE REPONSE NEGATIVE DOIT TIL ETRE EN 40 TAINE EN CAS,,,,,
,Symptoms EN,I’m not in the right place,"I phoned 1 888 COVID-19. After Q & A, hospital also check menengitis, and also if 1 calf has pain. Pain/cramp in neck. Pain in 1 knee, breathing short, quickly. copd, Mrsa, diabetes II, Bipolar II",,,,,
,Symptoms FR,The answer I need is missing,j ai passer le test pour la covid 19 mardi le 12 mai et j ai pas hu de reponce,,,,,
,Prevention+risks FR,The answer I need is missing,L’un de mes locataires reçoit des amis chez lui,,,,,
,Prevention+risks FR,,Venant de Belgique mon voyage prévu du 9 au 20 juin est-il autorisé,,,,,
,Symptoms EN,The information isn’t clear,,,,,,
,Prevention+risk EN,The information isn’t clear,,,,,,
,Symptoms EN,The answer I need is missing,"what preacuation to be done if you have covid 19 positive asympomatic- should use steam inhalation/hot drinks,not using AC etc what precaution to be done-to reduce the risk of developing symptoms",,,,,
,Symptoms EN,I’m not in the right place,,,,,,
,Symptoms EN,The answer I need is missing,How do they test for the virus and what if there is chest or related area pain,,,,,
,Symptoms EN,The information isn’t clear,What is it?,,,,,
,Symptoms FR,I’m not in the right place,"mon conjoint veut aller en auto avec son frère, ils ne demeurent pas dans la même maison, est-ce qu'ils peuvent faire ça? Ils ne respectent pas le 2 mètres. Faut-il qu'ils portent un masque?",,,,,
,Symptoms EN,,"Organ damage, immune system compromised over 65yr olds",,,,,
,Symptoms FR,,Je suis allé dans un maxi au carrefour du Nord à St-Jerome une annonce de de l’entreprise dit qu’ils ont eu deux employés atteints de la Covid19 est ce je dois m’isoler puis je recevoir une prestation puisque je dois m’isoler pendant 14 jours,,,,,
,Symptoms EN,The answer I need is missing,,,,,,
,Prevention+risks FR,The answer I need is missing,Après avoir tester positif et après la quarantaine esque la relations sexueles sont permis,,,,,
,Prevention+risks FR,I’m not in the right place,Est-il defendu d'avoir de la visite dans la maison Que faire avec les toilettes,,,,,
,Symptoms EN,,want to no lab results for testing of covid,,,,,
,Prevention+risk EN,Other reason,"We have a costume shop and also sell souvigner t-shirts and giftware. What recommendation is for a small business like up as far as trying on clothing? Gary Balckmore , All Decked Out Costume Rentals and Trophies. Miramichi, NB",,,,,
,Symptoms EN,,"if at home, what can you treat your virus with?",,,,,
,Symptoms EN,The answer I need is missing,,,,,,
,Prevention+risks FR,The answer I need is missing,,,,,,
,Symptoms EN,Other reason,I am a kidney transplant Person. I have lymphoma and I have recently been in remission from ITP Purpura. I’m being followed by my position with blood work monthly but if I was to come in contact with an infected person with COVID-19 does that mean I will get it for sure and not be able to fight it,,,,,
,Symptoms EN,The answer I need is missing,what are the symptoms for seniors?,,,,,
,Symptoms FR,The answer I need is missing,Je cherche la durée des symptômes en phase aiguë (active) de la maladie,,,,,
,Symptoms EN,The answer I need is missing,,,,,,
,Symptoms EN,,Update the numbers of confirmed cases and deaths and any other relevant information on Vancouver Island specifically such as restricted ferry crossings etc.,,,,,